sid,given_name,surname,phone_number,national_insurance_number,bank_account_number
00021467,Lorraine,Reed,(07700) 900876,ZZ 19 48 92 T,51157818
00022501,Edward,Williams,(07700) 900 877,ZZ 753513 T,103328715
00090621,Hannah,Turner,+447700 900148,ZZ 947196 T,69342327
00078535,Christine,Osborne,+447700 900112,ZZ 39 69 47 T,85159170
00061718,Francesca,Yates,07700 900 413,ZZ 30 98 91 T,11399166
00097661,Joanne,Middleton,+44(0)7700 900 032,ZZ 141314 T,66208707
00044874,Joel,Spencer,(07700) 900579,ZZ 97 20 76 T,108456420
00094053,Leonard,Marshall,07700 900508,ZZ 599246 T,126109351
00065824,Tracy,Smith,+447700 900 960,ZZ278789T,10754702
00025312,Gavin,Kay,+44(0)7700900206,ZZ 131934 T,52176102
00097188,Ashley,Johnston,(07700) 900285,ZZ 485590 T,129776587
00052870,Craig,Martin,07700 900 224,ZZ 42 29 45 T,78241736
00031991,Peter,Brookes,07700 900465,ZZ517176T,14522969
00013958,Frances,Hopkins,+44(0)7700900306,ZZ 361534 T,102635111
00095992,Bruce,Day,+44(0)7700 900317,ZZ 76 58 21 T,107296681
00025031,Mandy,Davies,+447700 900738,ZZ 49 26 94 T,127118011
00084543,Jade,Clarke,+447700 900522,ZZ 189163 T,58967690
00044838,Francesca,Barnes,07700 900 248,ZZ602234T,125007629
00066991,Grace,Ball,07700 900256,ZZ 00 99 25 T,28536718
00080286,Robert,Morrison,+44(0)7700 900519,ZZ 06 75 37 T,61007408
00088591,Elliot,King,(07700) 900 318,ZZ 611611 T,72076606
00059756,Frederick,Bell,(07700) 900151,ZZ 51 92 30 T,41045095
00091489,Connor,Taylor,07700 900754,ZZ 529118 T,104262236
00076832,Charles,Buckley,07700900456,ZZ 64 86 29 T,74513756
00059663,Stanley,Wells,+447700 900 065,ZZ189276T,36623752
00074144,Amber,Sanders,+44(0)7700 900173,ZZ 48 92 67 T,27386406
00043189,Darren,Dixon,07700 900 468,ZZ 101448 T,61832165
00066840,Jacob,Bird,+447700900381,ZZ 221166 T,107284570
00062801,Lynne,Lloyd,+447700900570,ZZ760811T,116050193
00045473,David,Watkins,(07700) 900329,ZZ 56 62 72 T,95232757
00032239,Georgina,Pugh,+44(0)7700900337,ZZ 23 94 91 T,128456701
00054954,Vanessa,Harrison,+44(0)7700 900869,ZZ 02 50 40 T,31639686
00079522,Jamie,Price,07700 900915,ZZ 35 13 85 T,43444869
00082661,Pamela,Jones,(07700) 900810,ZZ 11 31 26 T,47916869
00019444,Michael,Schofield,(07700) 900 245,ZZ 478978 T,114430197
00024078,Adam,Thompson,(07700) 900 408,ZZ384331T,94535743
00037482,Iain,Thompson,+447700900559,ZZ 37 93 32 T,46599274
00025507,Michelle,Richards,+44(0)7700 900 577,ZZ142963T,64603058
00066373,Harry,Ward,+44(0)7700900345,ZZ 250700 T,40035103
00060294,Kyle,Page,(07700) 900 762,ZZ488709T,26620820
00060608,Graeme,Taylor,+44(0)7700900215,ZZ919729T,100456004
00056992,Rachael,Archer,07700900738,ZZ 48 48 70 T,99840763
00032635,Darren,Ahmed,07700 900 404,ZZ643195T,49852251
00081819,Christopher,Grant,07700900554,ZZ 29 07 25 T,17493189
00067311,Phillip,White,07700900129,ZZ448885T,63620825
00099914,Mohamed,Harrison,(07700)900708,ZZ 357039 T,44261973
00072154,Terence,Reid,+447700900132,ZZ 514070 T,53666608
00096658,Iain,Hall,+44(0)7700 900 450,ZZ013187T,15056243
00066046,Dennis,Davies,+447700 900 480,ZZ 625911 T,92434545
00077174,Danielle,Weston,07700900782,ZZ 793782 T,125278089
00017403,Luke,Perry,07700 900169,ZZ 125022 T,15930602
00072309,Geraldine,Kemp,07700 900 925,ZZ497620T,84361516
00038647,Helen,Payne,+447700 900 905,ZZ408115T,61702842
00025934,Karen,Savage,+447700900222,ZZ 34 52 35 T,42675927
00069427,Alex,Armstrong,+44(0)7700 900 062,ZZ 922606 T,79532583
00010720,Raymond,Ashton,+447700 900 951,ZZ 76 91 44 T,95809973
00042969,Terence,White,+447700 900 180,ZZ 722576 T,39481551
00058422,Rachel,Johnson,+447700900034,ZZ 64 63 52 T,31952062
00073377,Gerard,Matthews,+44(0)7700900168,ZZ 82 75 94 T,125164258
00077182,Terry,Knight,+44(0)7700900268,ZZ661220T,109813994
00084177,Douglas,Griffiths,+44(0)7700 900 261,ZZ 759473 T,38818206
00039549,Danny,Baker,+44(0)7700 900 376,ZZ 061965 T,48707912
00020121,Wendy,Lee,+44(0)7700 900674,ZZ117696T,91473141
00051102,Rachel,Evans,+44(0)7700 900029,ZZ 178551 T,110337443
00031373,Nathan,Bailey,+447700900511,ZZ 43 75 46 T,102165872
00093432,Geoffrey,Lynch,(07700)900645,ZZ 53 25 73 T,26678791
00060912,Dylan,Quinn,(07700) 900735,ZZ 90 61 43 T,125212508
00019419,Connor,Watson,+447700900021,ZZ 618233 T,76706367
00075436,Nicola,Richards,+44(0)7700 900 555,ZZ029263T,105368812
00049205,Heather,Webb,+447700900772,ZZ 853735 T,86070863
00047557,Francis,Wilson,+447700 900723,ZZ810250T,69276367
00060092,Rachael,Lucas,(07700)900835,ZZ037958T,123000233
00034199,Melissa,Cameron,+44(0)7700 900186,ZZ857675T,81231267
00061312,Dale,Walters,(07700)900006,ZZ 287468 T,91197032
00032724,Anna,Richards,07700 900039,ZZ436685T,49410253
00039183,Aimee,Jackson,+447700900765,ZZ 16 30 44 T,71545934
00096906,Mathew,Freeman,+447700900027,ZZ 614918 T,29270837
00089847,Kyle,Glover,+44(0)7700900363,ZZ 75 24 80 T,25450198
00095564,Thomas,Harris,+44(0)7700900438,ZZ 19 75 24 T,46400046
00017224,Lisa,Taylor,(07700)900840,ZZ493458T,87165285
00055017,Margaret,Wilson,07700 900 314,ZZ183744T,76702853
00012078,Oliver,Smith,(07700) 900228,ZZ 82 92 38 T,50730621
00013118,Karl,Lowe,+447700900871,ZZ465641T,39330084
00092654,Janet,Marshall,+44(0)7700900298,ZZ842073T,106574728
00076437,Frank,Little,(07700)900596,ZZ348282T,108887549
00056084,Alexandra,Atkins,07700 900 347,ZZ 92 59 40 T,110092432
00084248,Lynn,West,(07700)900196,ZZ363522T,82998693
00077218,Aimee,Singh,07700 900 069,ZZ 930525 T,114779544
00053701,Josephine,Hamilton,07700 900848,ZZ 19 12 74 T,111644151
00038846,Kathryn,Mason,07700 900 902,ZZ 69 30 36 T,10962840
00098647,Dennis,Gibbons,+44(0)7700900782,ZZ443600T,91042284
00075212,Mary,Singh,(07700)900052,ZZ577881T,25766879
00031142,Julia,Pickering,(07700) 900 268,ZZ 911849 T,55769590
00072404,Donald,Lewis,+447700900065,ZZ156938T,18810952
00065389,Nicola,Hewitt,(07700) 900776,ZZ 264973 T,17992978
00054535,Sally,Whitehead,+44(0)7700 900286,ZZ 89 57 39 T,69253241
00050345,Harriet,Lord,+44(0)7700 900 177,ZZ 46 48 35 T,75003391
00024125,Jonathan,Baker,(07700) 900847,ZZ 49 87 48 T,77531117
00065109,Tina,Scott,+447700900591,ZZ299834T,52293221
00036076,Geoffrey,Smith,+44(0)7700900943,ZZ872419T,124930234
00091950,Carly,Davies,07700900780,ZZ 43 15 74 T,68943484
00033113,Dominic,Collins,+44(0)7700 900 182,ZZ 14 75 68 T,15668288
00092690,Ruth,Wyatt,+44(0)7700 900 789,ZZ187203T,43196612
00018036,Henry,Kelly,+447700 900131,ZZ 790553 T,120373837
00090497,Paul,Wilkins,07700 900944,ZZ 132630 T,84285210
00028165,Conor,Storey,07700 900533,ZZ142839T,85292969
00023786,Wayne,Cox,07700900278,ZZ 117380 T,19174943
00095485,Bruce,Moore,(07700) 900 198,ZZ 299211 T,51497947
00051850,Leah,Burton,07700 900270,ZZ 331923 T,93750464
00033016,Leah,Reynolds,(07700)900986,ZZ 52 70 67 T,14896792
00069905,Glen,Reid,07700 900 416,ZZ 97 42 03 T,64106458
00041315,Dorothy,Atkinson,+447700 900 213,ZZ659118T,82108674
00014512,Terence,Leach,07700 900 492,ZZ 01 55 73 T,45974829
00096683,Eric,Matthews,07700 900534,ZZ 403127 T,32742792
00048660,James,Moore,07700 900416,ZZ260969T,44585772
00043934,Malcolm,Ward,(07700) 900 750,ZZ823695T,92076770
00013393,Jeffrey,Brown,07700 900721,ZZ 87 50 39 T,56784105
00031541,Samuel,Ward,+447700 900 347,ZZ 669947 T,95469258
00016328,Jack,Douglas,07700 900353,ZZ 29 03 20 T,118662466
00094079,Beverley,Kemp,07700900721,ZZ 94 57 10 T,114374839
00047041,Roy,Hawkins,07700 900 150,ZZ 92 71 92 T,18211195
00030180,Joyce,Clark,+447700 900611,ZZ682180T,128316582
00041844,Georgia,Moore,+447700 900 439,ZZ 500024 T,123221779
00057404,Brett,Harvey,07700900025,ZZ 453193 T,66146856
00057017,Christine,Todd,07700 900 684,ZZ 432458 T,111273991
00058529,Naomi,Ford,+44(0)7700900040,ZZ 308378 T,117995558
00072902,Amy,Vaughan,(07700)900273,ZZ622667T,123412902
00071693,Kathleen,Walker,07700900426,ZZ149544T,124698071
00026633,Brandon,Lewis,+447700 900 460,ZZ685878T,88792903
00085816,Leon,Evans,07700 900312,ZZ758305T,94689149
00087619,Gary,Heath,(07700)900300,ZZ 94 14 52 T,85051197
00055123,Declan,Griffiths,+44(0)7700 900 520,ZZ767626T,46341273
00046457,Georgia,Evans,(07700) 900 272,ZZ 752152 T,55116554
00095002,Dean,Ross,+44(0)7700 900422,ZZ 61 67 72 T,122012167
00092420,Katy,Norman,+44(0)7700 900 913,ZZ264221T,48571588
00033399,Kirsty,Roberts,07700 900 252,ZZ315233T,108575974
00058468,Tina,Fleming,(07700) 900099,ZZ 07 88 89 T,108665952
00034890,Geoffrey,Watkins,+447700900072,ZZ431032T,66895631
00033314,Lynn,Peters,(07700) 900 907,ZZ447586T,85484780
00068424,Zoe,Alexander,+447700 900 403,ZZ 29 31 48 T,92927175
00072996,Harry,Williams,07700 900 801,ZZ 551167 T,35983930
00027845,Hilary,Pearce,07700 900261,ZZ 527581 T,26003560
00039797,Catherine,Roberts,07700 900517,ZZ 18 47 09 T,112289573
00029128,Denis,Townsend,(07700) 900740,ZZ927709T,62604295
00038075,Tracy,Ferguson,+447700 900826,ZZ 31 37 30 T,75459479
00087720,Jayne,Morris,+447700 900637,ZZ 24 31 56 T,34492600
00063955,Charlene,Watson,07700900661,ZZ 912299 T,100743801
00093331,Louis,Ford,+44(0)7700 900 327,ZZ 95 48 39 T,50965153
00026224,Olivia,Mason,07700 900492,ZZ974029T,88100126
00016274,Lynn,Cooper,(07700) 900 810,ZZ 568385 T,103067801
00090682,Oliver,Haynes,(07700) 900 303,ZZ 640619 T,82636625
00060810,Heather,Mistry,(07700)900098,ZZ 122405 T,22989280
00087298,Lynne,Smith,07700 900 837,ZZ 51 47 54 T,14154353
00073054,Megan,Smith,+44(0)7700 900618,ZZ 086143 T,94118681
00021998,Stacey,Gardner,+44(0)7700900427,ZZ645127T,115821763
00037154,Jodie,Newton,+447700 900240,ZZ 41 69 48 T,19066857
00059586,Pauline,Shah,+44(0)7700 900118,ZZ 99 25 20 T,62185934
00027639,Lee,Hunter,07700 900789,ZZ853954T,121720175
00010841,Owen,White,+447700 900055,ZZ 69 84 69 T,18150625
00078234,Jordan,Lee,+447700900435,ZZ463270T,30290152
00046800,Richard,King,(07700) 900495,ZZ 23 31 21 T,19819965
00060909,Carole,Brooks,+44(0)7700900985,ZZ 807993 T,74841596
00012014,Lindsey,Simpson,(07700) 900771,ZZ 59 18 39 T,110004718
00093144,Garry,King,+44(0)7700900348,ZZ450999T,51512673
00028500,Holly,Bradley,+44(0)7700 900328,ZZ 45 55 06 T,115247088
00088527,Tina,Stokes,+44(0)7700 900 515,ZZ 470723 T,63106763
00082154,Josephine,Taylor,07700 900 074,ZZ 20 04 68 T,119415793
00067548,Leslie,Phillips,+44(0)7700900837,ZZ 308523 T,107876276
00051647,Wayne,Thompson,+44(0)7700 900454,ZZ 200829 T,31228262
00033320,Georgina,Brown,+44(0)7700 900 039,ZZ163594T,33829287
00015693,William,Newton,+44(0)7700 900919,ZZ515242T,67155451
00093078,Keith,Carroll,07700900979,ZZ691064T,103609366
00046141,Mohammad,Hewitt,+447700 900 660,ZZ296324T,17575832
00074290,Dean,Swift,+44(0)7700900243,ZZ 624983 T,36975798
00050458,Joseph,Holland,+44(0)7700 900654,ZZ 27 70 63 T,94614428
00082735,Keith,Mitchell,07700900539,ZZ204951T,74598849
00058226,Michelle,Hunt,07700 900 056,ZZ 194852 T,10265055
00052645,Mohammed,Lewis,+447700900119,ZZ 53 69 16 T,45112432
00054658,Hugh,Newman,+447700 900 633,ZZ548379T,49091465
00047755,Danny,Spencer,(07700)900519,ZZ725323T,30907788
00076443,Martyn,Smith,+44(0)7700 900 152,ZZ372939T,75646224
00078047,Hilary,Freeman,(07700) 900 959,ZZ950506T,120980000
00057875,Yvonne,Nolan,(07700)900086,ZZ190819T,90399640
00050007,Adam,Griffiths,07700900833,ZZ132671T,43126763
00079254,Pamela,Jenkins,07700 900 862,ZZ796583T,24883546
00010984,Trevor,Taylor,(07700) 900655,ZZ 253673 T,58561973
00057052,Beverley,Davies,07700 900844,ZZ 66 56 60 T,57990105
00057364,Keith,Hunt,07700900562,ZZ 32 00 74 T,58067927
00013529,Karen,Thompson,+447700 900 515,ZZ772318T,91838650
00019568,Valerie,Wilson,(07700)900419,ZZ208226T,123498900
00063074,Richard,Wilson,+44(0)7700 900547,ZZ 781122 T,66384553
00064200,Pamela,Buckley,07700 900619,ZZ 268056 T,54219782
00017868,Charles,Johnston,+447700900037,ZZ 348340 T,95462035
00033613,Dorothy,Hodgson,(07700) 900006,ZZ685921T,63066450
00093573,Lewis,Pollard,+44(0)7700 900 907,ZZ 36 66 02 T,104409345
00030884,Norman,Palmer,+44(0)7700900517,ZZ 44 10 19 T,73737863
00027259,Garry,Jones,07700 900 871,ZZ937602T,54846906
00047049,Jill,Morgan,(07700) 900785,ZZ275149T,49284120
00023412,Sarah,Carr,+44(0)7700 900878,ZZ 00 36 10 T,77931403
00039531,Angela,Jones,07700 900 427,ZZ210900T,113640742
00057848,Carol,Humphreys,+44(0)7700900583,ZZ 51 14 66 T,94821567
00045056,Elizabeth,Perry,07700 900 680,ZZ 03 51 14 T,57016348
00035020,Abigail,Poole,+44(0)7700900128,ZZ454027T,63316582
00033846,Joyce,Ford,+44(0)7700 900 381,ZZ993781T,83595590
00058547,Rosie,Lyons,+447700 900 156,ZZ331632T,40561198
00048355,Harriet,Richards,07700900576,ZZ 272685 T,61025532
00040762,Helen,Edwards,+44(0)7700 900 017,ZZ 13 39 35 T,60440590
00049152,Robert,Ward,+44(0)7700900682,ZZ 77 03 80 T,111616273
00094996,Gerard,Swift,+447700 900 080,ZZ 08 08 77 T,74759989
00013902,Toby,Parkinson,+44(0)7700 900077,ZZ399083T,105324885
00044696,Diana,Clayton,07700 900463,ZZ 46 55 65 T,74037533
00032392,Joanne,Saunders,+447700 900 396,ZZ 41 32 39 T,126542387
00025851,Mandy,Bailey,+44(0)7700 900910,ZZ 54 22 56 T,124577626
00043645,Hilary,Price,+447700 900 670,ZZ711844T,106571572
00043338,Brandon,Ali,+447700900505,ZZ 839831 T,96180455
00078381,Judith,Bentley,07700900890,ZZ233733T,55395210
00023567,Lorraine,O'Connor,+44(0)7700 900 936,ZZ 05 17 44 T,86438586
00046859,Katy,Griffiths,+447700 900 518,ZZ 221214 T,13856856
00091902,Michelle,Harrison,+44(0)7700 900 703,ZZ 11 56 84 T,113772995
00094178,Gareth,Reynolds,(07700)900105,ZZ 74 82 29 T,23827011
00018942,Jayne,Parsons,(07700)900316,ZZ405871T,118419509
00051488,Eileen,Miller,07700900573,ZZ376995T,76732700
00068612,Alison,Thomas,07700 900283,ZZ 26 21 65 T,93701138
00053098,Marcus,Webb,+44(0)7700900191,ZZ499935T,52725333
00042704,Philip,Morris,+447700 900 092,ZZ 41 30 97 T,76734151
00093402,Duncan,Pugh,07700 900 019,ZZ 03 58 40 T,75333508
00036297,Dorothy,Ellis,(07700) 900 591,ZZ391882T,121592141
00066420,Alexandra,Howe,07700 900334,ZZ211398T,43273797
00098303,Mandy,Webb,+447700900206,ZZ883353T,107069708
00037278,Mathew,Potter,07700900057,ZZ 37 49 44 T,19541097
00052183,James,Hutchinson,07700 900044,ZZ 559970 T,99764904
00064050,Alice,Evans,+447700 900 360,ZZ 64 30 09 T,37923956
00055900,Leanne,Waters,07700 900873,ZZ345844T,77116325
00019272,Glenn,Robinson,(07700) 900 458,ZZ139749T,20013860
00028208,Gail,Singh,07700 900747,ZZ 83 07 93 T,49304165
00087976,Judith,Morgan,+44(0)7700 900 672,ZZ 549240 T,48443179
00021617,Amy,Watson,(07700)900248,ZZ534380T,116446419
00089166,Aimee,Tomlinson,07700900380,ZZ079483T,115133228
00062054,Bradley,Lewis,(07700) 900353,ZZ 54 72 66 T,86390491
00080755,Amber,Reid,+44(0)7700 900 069,ZZ504616T,75332978
00073598,Alex,Sinclair,+44(0)7700900291,ZZ 85 69 51 T,67012248
00020492,Valerie,Wallace,(07700)900583,ZZ737864T,41876947
00042219,Sally,Hopkins,(07700) 900 782,ZZ 39 05 57 T,55955142
00011901,Elliott,Gibbons,+447700 900959,ZZ 953018 T,24664574
00021691,Robert,Miller,+44(0)7700900565,ZZ 049493 T,118583325
00014737,Mohammad,Williams,+44(0)7700900214,ZZ 306251 T,33827496
00056989,Gemma,Williams,07700900861,ZZ 00 49 62 T,43969823
00093107,Anne,King,07700 900903,ZZ 56 86 15 T,101561859
00094777,Richard,Tucker,(07700) 900021,ZZ 311627 T,108788208
00032553,Sophie,Brown,(07700)900901,ZZ 048469 T,67400724
00038065,Helen,Benson,(07700) 900 183,ZZ 963303 T,62430867
00016314,Dennis,Henderson,(07700) 900120,ZZ 012694 T,17139980
00027090,Leonard,Brown,07700 900 974,ZZ121827T,30904312
00043988,Callum,Smith,(07700) 900 498,ZZ166315T,119308101
00027496,Yvonne,Evans,+447700 900 107,ZZ 220120 T,69587632
00093942,Suzanne,Long,+447700 900 799,ZZ 898642 T,119146460
00015190,Dylan,Harper,(07700) 900309,ZZ 963500 T,29861657
00084392,Terry,Lloyd,(07700)900525,ZZ963913T,57242400
00061582,Rebecca,Smith,+44(0)7700 900170,ZZ 47 74 65 T,108211267
00036117,Barry,Hopkins,+44(0)7700900482,ZZ 43 14 66 T,67118320
00053118,Bernard,Barrett,(07700) 900020,ZZ 420771 T,77107635
00011236,Ashley,Clarke,07700 900568,ZZ 11 13 67 T,29708228
00088561,Hugh,Ali,(07700)900252,ZZ 25 01 44 T,52936782
00028073,Mark,Phillips,07700 900458,ZZ030105T,72401145
00064917,Joan,Fuller,(07700) 900546,ZZ 742192 T,34441512
00072498,Paul,Chapman,+44(0)7700900580,ZZ 339520 T,10310719
00043236,Carl,Chapman,+44(0)7700 900623,ZZ 89 96 97 T,36988125
00083593,Carly,Perry,+44(0)7700 900 296,ZZ696837T,20978057
00099320,Judith,Hobbs,+44(0)7700 900949,ZZ 311930 T,56418905
00075879,Julie,Pratt,07700 900629,ZZ 83 87 27 T,105321477
00052268,Tina,King,+447700 900 367,ZZ 502181 T,42653169
00069447,Sandra,Edwards,(07700) 900 796,ZZ 33 62 64 T,42055903
00021690,Donna,Kay,+44(0)7700 900028,ZZ 789209 T,16203969
00060771,Kenneth,Jones,+447700900147,ZZ 957501 T,49016437
00015873,Kevin,Haynes,+447700 900868,ZZ 03 34 98 T,31796626
00099744,Lauren,Preston,07700 900791,ZZ 897885 T,111540404
00077742,Hugh,Taylor,07700 900 795,ZZ 34 21 32 T,24775023
00010118,Nigel,Dodd,07700 900 429,ZZ565655T,48473000
00017562,Olivia,Taylor,07700900997,ZZ 64 94 05 T,29558591
00053523,Jade,Atkinson,(07700) 900082,ZZ 65 86 55 T,116643814
00086015,Bradley,Brady,+447700 900287,ZZ 058025 T,81936342
00098905,Richard,Bailey,+44(0)7700 900 450,ZZ 60 33 61 T,24152617
00047358,Victoria,Kelly,(07700) 900 385,ZZ 39 73 19 T,60942302
00078793,Brenda,Brooks,+44(0)7700900985,ZZ 271375 T,89642078
00052506,Holly,Scott,+44(0)7700 900058,ZZ645895T,35215145
00042866,Clive,Matthews,(07700)900926,ZZ 71 53 47 T,36388877
00067418,Lucy,Jones,+447700 900859,ZZ698609T,62242929
00012488,Kate,Russell,+44(0)7700900599,ZZ457956T,81277726
00082741,Kenneth,Cox,+44(0)7700 900529,ZZ720984T,58107463
00036960,Nicola,Ball,07700 900 877,ZZ 33 34 58 T,38633818
00043194,Claire,Miller,(07700) 900670,ZZ 775923 T,65929663
00010465,Mohammed,James,+447700 900 271,ZZ 40 04 90 T,19385554
00069644,Patricia,Lewis,(07700) 900020,ZZ 390685 T,76671803
00049423,Ross,Smith,07700 900758,ZZ009252T,84975410
00082359,Shannon,Harding,+44(0)7700900764,ZZ 36 42 06 T,105972965
00027638,Sean,Chapman,(07700) 900595,ZZ 37 58 38 T,123773120
00060744,Keith,Hunter,07700 900 998,ZZ 469681 T,77430645
00094016,Katy,Lee,+447700 900655,ZZ172412T,68790899
00030254,Colin,Robson,(07700) 900 409,ZZ 606943 T,38158335
00076626,Jill,Myers,+44(0)7700 900260,ZZ060903T,100213865
00036192,Dennis,Booth,+44(0)7700 900351,ZZ 169838 T,125486716
00077651,Kim,Savage,07700 900548,ZZ 058393 T,61101579
00049799,Gordon,Johnson,(07700)900502,ZZ692577T,45990939
00027742,Teresa,Wallis,07700900673,ZZ 20 72 36 T,30328037
00046178,Joshua,Schofield,07700 900 368,ZZ072731T,47056169
00034903,George,Cooper,+447700900642,ZZ 087469 T,87578830
00054533,Laura,Franklin,(07700) 900 446,ZZ388770T,108700914
00058502,Glenn,Watts,+447700900326,ZZ442438T,126330829
00059486,Ashley,Wright,(07700) 900 089,ZZ785644T,94594001
00026337,Justin,Edwards,(07700)900977,ZZ 12 34 47 T,104340828
00049234,Pauline,Anderson,+44(0)7700 900937,ZZ061735T,12787683
00018526,Jack,Clarke,07700 900018,ZZ 78 19 34 T,50372351
00034089,Terry,Turner,+44(0)7700 900758,ZZ 78 88 30 T,47020276
00036454,Terence,Norman,+44(0)7700900586,ZZ 676244 T,104033371
00047917,Sarah,Archer,07700 900705,ZZ 98 44 81 T,26681597
00060159,Holly,Barton,+447700 900666,ZZ 960526 T,128405008
00022812,Thomas,Smith,(07700) 900 039,ZZ 269052 T,107500432
00070642,Marcus,Allen,+447700 900 979,ZZ846447T,101004688
00031485,Victor,Graham,+44(0)7700900069,ZZ 990037 T,77449102
00056070,Pamela,Green,+447700900953,ZZ 16 76 25 T,80834597
00047392,Jill,Morgan,+447700900944,ZZ 96 51 07 T,120314197
00094570,Malcolm,Williams,07700 900963,ZZ 182817 T,42529044
00058622,Marion,Sanderson,+447700900172,ZZ396311T,26340155
00038786,Arthur,Lloyd,07700 900 212,ZZ 65 45 98 T,23366297
00052005,Lisa,Cox,+44(0)7700900646,ZZ 01 90 40 T,16898277
00061859,Anthony,Fitzgerald,07700 900 633,ZZ 559066 T,79765208
00025974,Gillian,Roberts,07700900748,ZZ213565T,62393616
00020027,Alex,Moran,+44(0)7700 900934,ZZ967251T,45530580
00039620,Leigh,Hudson,(07700) 900901,ZZ 92 91 18 T,49028519
00046056,Lisa,Greenwood,07700900524,ZZ 67 54 09 T,34344237
00072206,Ben,Hayes,07700 900759,ZZ 14 45 66 T,39819673
00062484,Eleanor,Atkins,+447700 900616,ZZ 96 32 28 T,23354474
00049596,Grace,Walker,(07700)900446,ZZ 13 48 30 T,71983143
00087303,Brett,Gibson,+44(0)7700900617,ZZ 45 32 27 T,47225408
00054280,Ann,Smith,+44(0)7700 900788,ZZ991753T,22106157
00049664,Bryan,Stanley,(07700)900481,ZZ334708T,58190328
00090756,Lindsey,Bradshaw,07700900767,ZZ 63 11 51 T,76635700
00059670,Charles,Knight,+44(0)7700 900 020,ZZ752042T,53896164
00071529,Fiona,Williams,07700 900034,ZZ 69 80 20 T,19244491
00029653,Dennis,Ryan,(07700) 900388,ZZ 817778 T,109799733
00019322,Gregory,Gough,07700 900 900,ZZ937919T,24962438
00068863,Denis,Scott,+447700900350,ZZ 43 26 92 T,63805666
00042024,Stephen,Smith,07700900781,ZZ 273726 T,58072378
00048000,Deborah,Clarke,07700 900367,ZZ 632510 T,53512383
00097461,Yvonne,Collier,07700 900969,ZZ 16 99 90 T,75960780
00063965,Derek,Patel,(07700) 900044,ZZ108221T,36883770
00031248,Nigel,Barnes,+44(0)7700 900 064,ZZ485619T,27125515
00062149,Chelsea,Harrison,(07700) 900849,ZZ 034941 T,129729411
00027651,Georgia,Tomlinson,(07700)900501,ZZ 595271 T,129872766
00073874,Jodie,Bevan,+447700 900365,ZZ 13 29 60 T,117545717
00074314,Susan,Welch,+44(0)7700 900469,ZZ 064562 T,66991865
00096242,Zoe,Smith,07700900733,ZZ 043218 T,125791993
00025237,Ben,Day,07700 900676,ZZ 808708 T,10125771
00014474,Martyn,Green,+447700900725,ZZ 07 91 19 T,37290100
00059175,Robin,Patel,+447700 900 791,ZZ829026T,21883390
00058859,Laura,Clark,07700 900 953,ZZ 88 71 92 T,119572827
00011062,Norman,Hart,07700 900 245,ZZ 74 24 30 T,84701532
00040209,Leon,Miah,(07700) 900 612,ZZ 766638 T,21654765
00056823,Chelsea,Ward,(07700) 900 014,ZZ 99 20 91 T,73043418
00092544,Alex,Burton,+44(0)7700900034,ZZ 41 13 71 T,17256656
00089337,Dale,Kirk,07700 900 363,ZZ 636316 T,11554228
00079766,Dylan,Day,+44(0)7700 900140,ZZ 167901 T,37643647
00067895,Chloe,Cunningham,+44(0)7700 900042,ZZ 32 75 99 T,20606442
00027425,Ben,Clements,+447700900813,ZZ 619181 T,104060988
00032162,Joe,Ali,(07700) 900 720,ZZ326714T,56188659
00045865,Stewart,Green,+44(0)7700 900437,ZZ648834T,107992736
00014705,Lauren,Berry,+447700 900627,ZZ 360373 T,98865875
00019343,Patricia,Howells,(07700) 900 138,ZZ 91 85 68 T,89994111
00027625,Jenna,Evans,07700 900 186,ZZ716843T,42257578
00089769,Malcolm,Burns,(07700)900593,ZZ 31 69 54 T,105260923
00053347,Sophie,Thomas,(07700) 900 837,ZZ 44 20 35 T,57221890
00050365,Howard,Mitchell,+447700 900 607,ZZ 569284 T,69686452
00086283,Toby,Armstrong,(07700) 900976,ZZ 873443 T,48530943
00029214,Dean,Anderson,+447700900665,ZZ697060T,125174358
00076176,Kate,Matthews,(07700)900175,ZZ 35 40 37 T,76582727
00053872,Ian,Todd,(07700) 900355,ZZ223213T,54081648
00078083,Cheryl,Flynn,07700 900161,ZZ649667T,22411774
00035908,Jean,Nicholls,(07700)900834,ZZ785589T,129754305
00038764,Vincent,Fuller,07700900752,ZZ 64 70 85 T,96084946
00092418,Ruth,Peters,+44(0)7700 900 242,ZZ 71 22 10 T,46036313
00040385,Lynda,Stevens,+44(0)7700 900 839,ZZ 349017 T,119759608
00049319,Daniel,Barrett,07700 900 255,ZZ 00 91 44 T,79752512
00029095,Mohammad,Lewis,+44(0)7700 900229,ZZ 32 64 48 T,40223601
00042492,Gregory,Watts,07700 900805,ZZ748095T,79535580
00062584,Russell,Jones,+44(0)7700 900596,ZZ 06 87 15 T,14933312
00066027,Gail,Robertson,07700 900 102,ZZ 84 99 24 T,40857019
00051780,Robert,Fox,+447700900576,ZZ 64 48 49 T,36819058
00060951,Marie,Harris,+447700900298,ZZ 29 36 27 T,16239810
00073838,Andrea,Howard,07700900874,ZZ 39 50 28 T,107918558
00082329,Tony,Ellis,(07700)900495,ZZ 32 78 74 T,95820347
00031785,Judith,Francis,+447700 900 813,ZZ 151092 T,30222421
00048660,Gillian,Allen,07700 900 925,ZZ267124T,35743073
00046198,Gordon,Stewart,(07700) 900381,ZZ 99 11 18 T,29363854
00077898,Brett,Whitehouse,+447700900585,ZZ 107951 T,114112334
00052222,Brenda,Thomas,07700 900337,ZZ 27 18 47 T,62224497
00086171,Stephanie,Dunn,07700900200,ZZ 14 32 87 T,27974067
00028287,Eleanor,Day,+44(0)7700900132,ZZ 849987 T,77923709
00050771,Anthony,Garner,+44(0)7700900216,ZZ 82 19 62 T,35456344
00057615,Nicholas,Read,+44(0)7700 900 961,ZZ345972T,103801892
00076313,Max,Ellis,+44(0)7700900500,ZZ 64 55 15 T,31598361
00028115,Daniel,Turner,07700900623,ZZ809017T,122997020
00074593,Danielle,Shaw,+447700900359,ZZ 301767 T,94942200
00082726,Sharon,Marsh,07700 900 596,ZZ 795822 T,17230533
00079709,Frederick,Roberts,(07700) 900931,ZZ995893T,18441460
00060862,Paul,Bishop,07700 900233,ZZ344520T,26733597
00010835,Elizabeth,Bray,+44(0)7700 900936,ZZ 805140 T,100477300
00062233,Christian,Gilbert,+447700 900 116,ZZ192442T,11631361
00089975,Ross,Brown,(07700) 900 191,ZZ506068T,99900030
00079024,Gareth,Yates,07700 900 413,ZZ 500194 T,104682764
00044972,Marc,McDonald,(07700) 900045,ZZ 75 42 39 T,107260073
00013658,Jason,Smith,+447700 900962,ZZ 852653 T,121701505
00088975,Katherine,Ahmed,07700900168,ZZ962536T,96313507
00061169,Grace,Campbell,+447700 900 876,ZZ 216272 T,44622020
00087066,Oliver,Griffiths,+447700 900281,ZZ 961237 T,76042681
00099496,Jodie,Perry,+447700900847,ZZ048098T,53078199
00031392,Naomi,Pearce,+447700900923,ZZ139526T,61445183
00038217,Ben,Holland,+44(0)7700 900771,ZZ 03 66 80 T,69889864
00091331,Rachel,Taylor,+44(0)7700 900 369,ZZ 08 95 25 T,67526624
00072841,Matthew,Hobbs,07700 900 987,ZZ930501T,98585087
00079551,Kirsty,Sharpe,+447700 900 112,ZZ 81 42 86 T,36342185
00048290,Beth,Rogers,07700 900 661,ZZ 747470 T,11749460
00080541,Clifford,Green,+44(0)7700 900364,ZZ345654T,57879569
00033973,Alexander,Taylor,07700 900 043,ZZ 555774 T,125060080
00020022,Ben,Lloyd,+447700900266,ZZ 69 88 01 T,57643229
00054387,Josephine,Knowles,(07700)900441,ZZ 61 49 82 T,70832703
00099614,Steven,Ward,(07700)900755,ZZ 60 09 64 T,83066702
00059133,Gordon,Kelly,07700 900 732,ZZ 82 42 73 T,43595145
00057448,Aimee,Pearce,07700 900163,ZZ 797602 T,68941305
00012499,Hayley,Clayton,07700900354,ZZ 32 90 52 T,11951821
00025881,Elliott,Carey,(07700) 900 004,ZZ 213837 T,38117208
00055561,Eileen,Turner,(07700) 900437,ZZ300619T,107859756
00010436,Sam,Martin,+44(0)7700 900035,ZZ 92 95 36 T,66555007
00087082,Michael,Turner,+447700 900 882,ZZ464666T,61804410
00027200,Stewart,Baker,(07700)900888,ZZ722545T,104933963
00051422,Sharon,Henry,07700 900 191,ZZ219449T,107319160
00081174,Anthony,Phillips,+447700 900 339,ZZ 196961 T,68160225
00078746,Terry,Watts,+44(0)7700900067,ZZ 697956 T,29945023
00017455,Benjamin,Marsh,+447700900519,ZZ 83 45 35 T,71328892
00020539,Dennis,Jackson,07700 900 202,ZZ039654T,104878361
00095210,Marion,Young,+44(0)7700900695,ZZ836106T,77299624
00031745,Irene,Birch,07700 900 848,ZZ 469404 T,47270686
00065834,Joyce,Jones,07700 900 748,ZZ896024T,80768401
00066278,Billy,Smith,+44(0)7700 900 888,ZZ 559885 T,125955292
00063264,Lawrence,Collins,+44(0)7700900607,ZZ 570974 T,20786951
00092598,Owen,Phillips,+44(0)7700 900865,ZZ918708T,93357809
00095149,Thomas,Parker,+447700 900 668,ZZ736513T,120907313
00021888,Zoe,Leonard,(07700) 900850,ZZ 61 79 15 T,72225635
00050444,Sophie,Morgan,+447700 900 303,ZZ042294T,110340498
00039479,Callum,Norman,07700 900668,ZZ 490286 T,118362627
00016587,Dylan,Walters,(07700)900889,ZZ654759T,25633504
00098518,Hazel,Allen,(07700) 900 935,ZZ940296T,29693265
00022089,Shannon,Stephenson,07700900785,ZZ495815T,28808611
00063426,Nicole,Harrison,+44(0)7700900350,ZZ 630304 T,58675665
00098368,Kevin,Baker,+447700 900309,ZZ780673T,12889895
00031238,Alice,Whittaker,+447700900731,ZZ 214844 T,71779658
00014462,Lawrence,Pearce,+447700 900 941,ZZ 63 57 45 T,37242093
00089743,Olivia,Owens,07700900086,ZZ437549T,62900423
00046800,Christine,Turner,07700900297,ZZ 239036 T,14977556
00035984,Leigh,Jones,(07700) 900914,ZZ578574T,89506606
00052618,Joseph,Briggs,+44(0)7700 900 348,ZZ288186T,81934962
00057195,Kelly,Iqbal,+44(0)7700 900379,ZZ403463T,121502759
00033703,Susan,Bishop,07700 900046,ZZ 965384 T,68597827
00040299,Peter,Murphy,(07700)900375,ZZ947958T,91182940
00092745,Gerard,Elliott,07700 900123,ZZ 47 08 52 T,38733608
00015510,Katie,Walsh,07700 900 846,ZZ 487608 T,111959325
00034740,Dylan,Henry,+447700 900505,ZZ 487078 T,78463941
00033612,Abbie,Ferguson,07700 900 010,ZZ 82 70 54 T,83856954
00026595,Marilyn,Ford,07700 900703,ZZ951988T,100137064
00088568,Katy,Martin,(07700)900051,ZZ 83 97 18 T,84854997
00022583,Lesley,Howells,(07700)900672,ZZ965881T,98425370
00023412,Ellie,Khan,07700900514,ZZ 68 84 07 T,41803554
00033475,Amanda,Ellis,+44(0)7700 900607,ZZ 83 39 62 T,45970250
00084947,Russell,Hayward,+44(0)7700 900 657,ZZ 824161 T,128192133
00066105,George,Donnelly,(07700) 900407,ZZ 596429 T,90554249
00095086,Jake,Davies,+44(0)7700 900237,ZZ 612611 T,46424721
00017071,Suzanne,Howell,+44(0)7700 900830,ZZ 58 38 35 T,83713550
00071678,Alex,Williams,07700900816,ZZ553159T,31431062
00026037,Marcus,Scott,07700900824,ZZ 336732 T,62252689
00070719,Kyle,Stone,07700900762,ZZ431097T,83392939
00081789,Joyce,Abbott,07700 900 608,ZZ 539387 T,21028854
00053206,Amber,Jones,+44(0)7700 900214,ZZ 954868 T,85789728
00014815,Rosemary,Fletcher,+44(0)7700 900 290,ZZ 96 65 38 T,79135498
00048368,Stanley,Dunn,07700 900 307,ZZ 226907 T,113494231
00048098,Victoria,Matthews,+447700 900 434,ZZ 72 88 26 T,70804553
00084955,Toby,Cox,(07700) 900 454,ZZ205051T,49024034
00081530,Jayne,Foster,+44(0)7700 900020,ZZ 195059 T,20544724
00058737,George,Knight,+447700 900117,ZZ560229T,70406537
00029171,Robin,Turner,(07700) 900 273,ZZ 53 54 94 T,74218608
00091807,Lynn,Parkes,07700 900893,ZZ 270383 T,92751493
00041188,Mohamed,Robinson,07700 900991,ZZ 859861 T,35736789
00013183,Gemma,Campbell,07700900628,ZZ 37 27 30 T,123040808
00031863,Justin,Moore,+44(0)7700900783,ZZ597442T,19089164
00026710,Christian,Price,+447700 900 462,ZZ 574139 T,129866549
00071780,Charlene,Leach,+447700 900 434,ZZ823863T,11131065
00062903,Wayne,Wright,07700900293,ZZ 43 58 07 T,42961806
00026915,Sylvia,Roberts,(07700) 900585,ZZ 59 19 60 T,27972616
00047840,Aaron,Anderson,(07700)900854,ZZ 14 37 53 T,29572580
00055613,Lydia,Moore,(07700)900313,ZZ 39 53 37 T,57863436
00074864,Paige,Reeves,+447700 900 510,ZZ118215T,49453061
00066361,Chloe,Peacock,07700900641,ZZ916588T,14208089
00016784,Clive,Harris,07700 900 184,ZZ057211T,36206632
00046086,Danny,Thompson,07700 900029,ZZ 61 98 53 T,40804156
00086807,Jemma,Evans,+44(0)7700 900 834,ZZ558306T,129024970
00063512,Rebecca,Thornton,07700 900370,ZZ 172888 T,20840716
00040718,Eleanor,Gibson,07700 900 302,ZZ 939937 T,88300803
00091455,Alice,Wells,+44(0)7700900202,ZZ993855T,55291071
00080711,Peter,Mills,+44(0)7700 900322,ZZ405675T,32882636
00074307,Lesley,Nicholson,07700900784,ZZ 29 95 80 T,48687090
00099660,Christopher,King,07700 900300,ZZ254370T,19947565
00067332,Gavin,Mills,07700 900 577,ZZ 87 48 99 T,114312299
00015871,Geraldine,Wood,+44(0)7700 900 198,ZZ 376996 T,53980669
00026215,Steven,Mistry,07700 900356,ZZ168131T,68846442
00026369,Denis,Roberts,(07700)900159,ZZ 905168 T,90628175
00093808,Gillian,Adams,+44(0)7700900760,ZZ741361T,85274152
00027708,Marie,Coates,07700 900431,ZZ184250T,20739568
00019835,Trevor,Brown,(07700) 900 377,ZZ 95 99 00 T,60788689
00023848,Garry,Harris,07700 900819,ZZ 50 47 96 T,59074689
00093975,Louis,Hughes,+447700900347,ZZ 19 05 25 T,98467778
00069305,Laura,Donnelly,+44(0)7700 900609,ZZ 47 53 93 T,109008880
00019939,Stacey,Freeman,+44(0)7700900876,ZZ 603608 T,43571897
00057140,Molly,Pope,+447700 900754,ZZ224946T,33365291
00072482,Karen,Brown,07700 900 068,ZZ588474T,79015725
00072617,Yvonne,Miller,+44(0)7700900113,ZZ 11 12 13 T,94997925
00074685,Mohammad,Grant,(07700) 900 059,ZZ 83 13 72 T,27800131
00042145,Jordan,Watkins,(07700)900430,ZZ 583319 T,109824996
00025086,Eric,Evans,(07700) 900 556,ZZ181528T,129056524
00039561,Lesley,Cole,+447700 900296,ZZ 628610 T,11329851
00074911,Bradley,Harding,+44(0)7700 900455,ZZ793917T,24793966
00042020,Ashleigh,Hargreaves,+44(0)7700 900840,ZZ 88 87 78 T,25153712
00079852,Jordan,O'Neill,07700900741,ZZ 10 04 47 T,47893568
00054437,Kenneth,Pickering,07700900193,ZZ125861T,45622647
00061930,Dylan,Hope,(07700)900047,ZZ 030795 T,77111317
00025430,Elaine,Miles,(07700) 900 730,ZZ156066T,65565564
00095114,Denis,Cook,+447700900819,ZZ 44 37 92 T,50974814
00046428,Lee,Adams,(07700) 900359,ZZ526166T,111037580
00032910,Gareth,Gibbons,07700 900 090,ZZ 400482 T,26865630
00034024,Adrian,Pritchard,(07700) 900622,ZZ 57 32 77 T,93410555
00069598,Graeme,Wilson,+44(0)7700900758,ZZ 28 99 07 T,37732930
00080017,Dylan,Coleman,+44(0)7700 900237,ZZ 513710 T,127027319
00047775,Gary,Rowe,+447700900026,ZZ 42 44 78 T,10569094
00062752,Alison,Begum,+44(0)7700900884,ZZ 204955 T,31514015
00015991,Marian,Lambert,+44(0)7700 900 914,ZZ055785T,92373596
00055729,Laura,Hammond,+447700 900 837,ZZ 89 55 34 T,19157025
00016869,Pamela,Rees,+447700 900294,ZZ 37 91 09 T,49298857
00031586,Jake,Wood,+447700 900897,ZZ976926T,116064040
00030407,Timothy,George,(07700)900953,ZZ 74 08 50 T,80055046
00042501,Gary,Walker,07700 900445,ZZ 403464 T,120537178
00048115,Helen,Duffy,07700900150,ZZ 21 90 99 T,80816777
00062139,Patricia,Matthews,07700 900 875,ZZ739314T,50515781
00020952,Tracy,Humphries,+447700900062,ZZ 39 39 22 T,32836860
00037034,Marcus,Arnold,+447700 900251,ZZ 383100 T,114651002
00034599,Helen,Lee,+447700900954,ZZ 68 21 40 T,111392076
00034758,Joshua,Cook,(07700)900061,ZZ 555568 T,113267772
00020553,Mandy,Baker,(07700)900902,ZZ 34 54 27 T,94521414
00091413,Andrew,Browne,+447700900200,ZZ 04 46 02 T,106419414
00030458,Donald,Watkins,(07700) 900 747,ZZ 635507 T,48401043
00073806,Luke,Lee,+447700 900 618,ZZ 93 01 97 T,46544805
00012295,Donald,Gardner,(07700) 900 982,ZZ 541224 T,48906810
00059654,Owen,Patel,07700900598,ZZ 42 22 03 T,48117780
00029689,Sian,Carter,07700 900966,ZZ 977659 T,71380513
00071093,Adam,Stanley,(07700) 900215,ZZ 999928 T,33033837
00016722,Beverley,Macdonald,07700 900 918,ZZ 701219 T,41001039
00056873,Gemma,Price,(07700) 900142,ZZ874312T,111448674
00072094,Glen,Jones,+447700900958,ZZ484304T,45574397
00040916,Nathan,Richardson,+447700900401,ZZ 62 92 83 T,58676318
00024586,Jessica,Nelson,(07700)900076,ZZ 99 58 21 T,125885663
00096358,Francesca,Stewart,07700 900174,ZZ 361993 T,80315540
00078616,Leah,Thomson,+447700 900213,ZZ132713T,115480201
00079733,Katie,Ford,(07700) 900 576,ZZ 348898 T,112932419
00036415,Charlie,Ingram,+44(0)7700 900 981,ZZ 524979 T,125588698
00089784,Marc,Barlow,07700900318,ZZ 07 81 26 T,59375964
00099702,Denise,Buckley,(07700)900124,ZZ843341T,25680531
00075860,Gareth,King,+44(0)7700 900 521,ZZ997214T,108287408
00012084,William,Moore,+44(0)7700 900690,ZZ 526730 T,84734428
00090187,Margaret,Walsh,(07700)900934,ZZ 882683 T,89635593
00021031,Jacob,Fox,+44(0)7700 900 365,ZZ 96 19 74 T,31756556
00097008,Jane,Johnson,+447700900770,ZZ 47 77 65 T,105582614
00047449,Mohamed,Lowe,07700 900131,ZZ 96 80 35 T,30168051
00045955,Simon,Fox,07700 900498,ZZ152530T,106611694
00070507,Arthur,West,+447700900987,ZZ 900269 T,47295441
00094876,Denis,Taylor,(07700) 900 981,ZZ 084958 T,65192241
00062251,Sally,Watson,(07700)900176,ZZ987941T,33530385
00013688,Victoria,Edwards,07700 900057,ZZ814380T,120213722
00050316,Jason,Johnson,+44(0)7700 900 109,ZZ 125191 T,71228989
00030356,Deborah,Faulkner,(07700) 900859,ZZ761128T,23089118
00064744,Anna,Chan,+44(0)7700 900 673,ZZ875063T,14829662
00052750,Eleanor,Arnold,(07700) 900365,ZZ417528T,24294258
00087422,Catherine,Price,(07700) 900145,ZZ 600011 T,124505805
00053938,Charles,Smith,07700900588,ZZ 197353 T,76415975
00055878,Christian,Donnelly,+44(0)7700 900390,ZZ 45 32 52 T,116531777
00037536,Chelsea,Jones,+447700900830,ZZ 785398 T,12708031
00032418,Diana,Fowler,+447700 900 815,ZZ968302T,97340951
00077487,Eleanor,Atkins,(07700) 900 572,ZZ 208421 T,77611422
00013812,Ryan,Briggs,(07700) 900209,ZZ805084T,63746673
00050640,Jordan,Vincent,+44(0)7700900097,ZZ 00 53 03 T,77010421
00063832,Gary,Hargreaves,+44(0)7700 900 115,ZZ 362040 T,81698062
00072831,Brandon,Clayton,(07700)900181,ZZ 858415 T,17841414
00010614,Paula,Walker,07700 900620,ZZ 902515 T,48421528
00056690,Iain,Burrows,+44(0)7700 900 247,ZZ 631189 T,30643576
00016244,Graham,Brown,07700 900 868,ZZ740179T,12188745
00022723,Nicola,Moss,+447700 900 467,ZZ 11 00 83 T,108419399
00061170,Nicholas,Leach,(07700) 900311,ZZ569952T,108520592
00039750,Frank,Hayward,07700900635,ZZ 48 66 98 T,124727573
00017175,Jamie,Cross,07700 900805,ZZ 26 57 16 T,42496795
00087784,Brenda,Price,+447700 900 750,ZZ 95 14 52 T,72074365
00032922,Cheryl,Barrett,(07700) 900273,ZZ 013027 T,98860126
00068490,Victor,Young,(07700) 900 245,ZZ 346244 T,54309870
00056426,Carol,Howe,+44(0)7700 900 581,ZZ203336T,35801397
00063740,Gregory,Thomas,+447700 900 409,ZZ347312T,26767194
00048711,Lynne,Harris,+44(0)7700 900349,ZZ 40 83 59 T,16735440
00040408,Claire,Hunt,(07700)900076,ZZ543075T,15901615
00051203,Terry,Carr,+44(0)7700 900 277,ZZ 758757 T,90585713
00094114,Vincent,Robinson,+447700 900 813,ZZ 371843 T,52190052
00097811,Ian,Bishop,+44(0)7700 900563,ZZ 062303 T,21055940
00029030,Samuel,McCarthy,+44(0)7700900365,ZZ 99 98 47 T,27539538
00040003,James,Smith,07700900598,ZZ 91 59 95 T,38435634
00073067,Samuel,Hewitt,+44(0)7700900502,ZZ 09 85 50 T,99284073
00017771,Georgia,Smith,+44(0)7700900087,ZZ 44 22 69 T,81692576
00046317,Ricky,Read,+44(0)7700900830,ZZ 478584 T,55350776
00036945,Bruce,Turner,(07700) 900 258,ZZ 76 61 12 T,64121909
00047709,Roy,Pickering,07700 900058,ZZ 763378 T,60824006
00029079,Julie,Jones,(07700)900784,ZZ 18 20 11 T,109838254
00083818,John,Anderson,07700 900562,ZZ 001831 T,32287668
00044183,Anne,Martin,07700 900812,ZZ 738887 T,62309066
00027950,Frederick,Adams,(07700) 900 921,ZZ609609T,29266278
00012679,Kenneth,Watson,07700 900269,ZZ 62 23 67 T,129329963
00096836,Donna,Davies,+447700 900938,ZZ324618T,114671105
00054849,Hannah,Armstrong,(07700)900069,ZZ 06 96 93 T,40215363
00059828,Sean,Hill,07700 900001,ZZ932853T,12335446
00076221,Rosie,Wright,07700 900 159,ZZ435984T,101703727
00029036,Bruce,Curtis,+44(0)7700900720,ZZ 58 57 13 T,114943781
00083096,Karen,Thomas,+447700 900 310,ZZ 14 24 81 T,14123737
00017574,Mary,Newman,07700 900 573,ZZ 00 83 03 T,84739355
00056514,Denise,Cooper,07700 900 836,ZZ291698T,78621738
00078498,Martin,Parker,+44(0)7700900716,ZZ 004166 T,79601265
00058766,Samuel,Edwards,07700 900 695,ZZ 090005 T,10667666
00094987,Leah,Roberts,(07700) 900244,ZZ 33 01 50 T,74474303
00060131,Gerard,Lucas,+44(0)7700 900 627,ZZ603205T,59843328
00014570,Nicole,Rogers,07700 900 882,ZZ996225T,71321022
00077011,Anna,Burton,+44(0)7700900677,ZZ375693T,108066962
00074816,Maureen,Parry,+447700900006,ZZ 35 77 67 T,64950316
00083055,Angela,Palmer,07700 900 124,ZZ554217T,101324177
00070198,Sheila,Hutchinson,07700 900 421,ZZ 69 30 31 T,25933835
00045727,Ronald,Dale,+44(0)7700 900830,ZZ 635674 T,128987364
00040305,Jacob,Edwards,(07700) 900030,ZZ 724236 T,98144949
00015515,Billy,Mason,+44(0)7700 900 816,ZZ 62 69 74 T,90620827
00092072,Kimberley,Andrews,(07700) 900517,ZZ574843T,82148919
00089084,Katie,Jones,(07700) 900495,ZZ838823T,60301804
00019761,Joan,Pritchard,+44(0)7700 900 623,ZZ 612671 T,82871901
00093665,Glen,Evans,(07700)900884,ZZ 423477 T,88158301
00013809,Jay,Chapman,07700 900 849,ZZ 79 26 59 T,25450473
00046025,Marc,Smith,(07700) 900950,ZZ460605T,96929027
00081080,Judith,Robson,+447700900818,ZZ 663295 T,54978117
00068203,Stacey,Taylor,07700900623,ZZ 246018 T,18717097
00033240,Shane,Mellor,(07700) 900628,ZZ 57 74 81 T,22110619
00015092,Lee,O'Neill,+44(0)7700 900 555,ZZ908782T,115584563
00069898,Carol,Page,+447700900826,ZZ 850332 T,40514750
00095455,Heather,Harrison,07700900522,ZZ 78 39 28 T,72387832
00076543,Vincent,Gray,+44(0)7700 900322,ZZ 101311 T,59975539
00032279,Simon,Matthews,(07700) 900 730,ZZ287389T,45058842
00019860,Louise,Allan,07700 900149,ZZ048425T,40661344
00063189,Henry,Warren,07700 900982,ZZ 00 35 25 T,99363237
00073891,Denise,Jones,07700 900 703,ZZ 62 08 97 T,67527607
00067493,Joanne,Khan,(07700)900293,ZZ 736932 T,15124010
00061116,Amanda,Robinson,+447700 900398,ZZ 50 67 80 T,98512377
00026644,Paula,Marshall,+447700 900 102,ZZ 87 17 74 T,40741222
00073419,Nicholas,Edwards,(07700) 900409,ZZ 39 11 15 T,27864216
00025307,Fiona,Byrne,07700 900 338,ZZ 73 41 11 T,12836398
00092026,Victoria,Harvey,+447700 900 213,ZZ 12 60 27 T,81521537
00030223,Bethan,King,(07700) 900131,ZZ 026395 T,35797032
00063546,Clive,Rees,+44(0)7700900053,ZZ784509T,18344554
00093207,Rosie,Gardiner,(07700) 900 053,ZZ 12 18 42 T,93621742
00095439,Damian,Clarke,07700 900703,ZZ 634852 T,16234815
00045987,Donna,Watson,(07700) 900077,ZZ 396340 T,120552946
00077817,Chloe,Gardiner,+447700 900566,ZZ 53 78 71 T,29935185
00051462,Joseph,White,(07700)900003,ZZ 13 79 49 T,69971963
00094404,Diana,Clark,+44(0)7700 900 805,ZZ651644T,89597851
00011995,Neil,Baxter,(07700) 900153,ZZ 150743 T,113885471
00050959,Alison,Jones,(07700)900428,ZZ953130T,29057539
00077950,Gregory,Wood,+447700 900 072,ZZ 25 60 30 T,40223193
00039312,Owen,Hayward,(07700) 900 399,ZZ 152449 T,78161515
00095913,Georgia,Howe,(07700) 900249,ZZ957768T,33769499
00028039,Joanna,O'Brien,(07700) 900 029,ZZ 68 35 54 T,34109294
00027545,Elizabeth,Gray,(07700)900170,ZZ565281T,55313137
00010510,John,King,(07700) 900861,ZZ772143T,126781083
00046132,Marion,Jenkins,+44(0)7700900394,ZZ 84 40 48 T,122452002
00089515,Jonathan,Parsons,+447700 900 594,ZZ 992547 T,19141455
00019445,Oliver,Watson,+447700 900568,ZZ 289053 T,56588233
00026837,Amanda,Smith,+44(0)7700 900 313,ZZ 546925 T,65186011
00025548,Sylvia,Davies,+44(0)7700900780,ZZ 08 52 85 T,49039016
00024638,Brenda,Page,+44(0)7700 900171,ZZ 769283 T,93219183
00011476,Brenda,Payne,+44(0)7700 900806,ZZ 26 55 08 T,73472649
00015004,Graham,Hunt,(07700) 900837,ZZ093510T,83021297
00094433,Tracey,Clarke,+44(0)7700 900 512,ZZ 02 41 28 T,95495675
00072831,Alison,Henderson,+44(0)7700900392,ZZ997737T,61181625
00034578,Melissa,Clark,+44(0)7700 900639,ZZ 515259 T,58374607
00047954,Louis,Fleming,+447700900266,ZZ189806T,92236484
00049440,Leanne,Ali,+44(0)7700900728,ZZ533016T,19847775
00092194,Hollie,Green,(07700) 900953,ZZ617404T,101684516
00054912,Albert,Holland,(07700)900785,ZZ603602T,116338077
00086433,Stacey,Butler,+447700 900074,ZZ089296T,129592143
00057066,Stephanie,Wright,(07700) 900 294,ZZ988015T,72452916
00039765,Jeremy,Williams,07700900404,ZZ 500569 T,10397282
00036002,Jasmine,Fowler,+447700900373,ZZ 694432 T,125477372
00027621,Marie,May,(07700) 900345,ZZ 737026 T,102855881
00033372,Hollie,Carter,+447700900639,ZZ514029T,119542161
00075524,Sian,Howell,07700 900 867,ZZ151525T,23078129
00042220,Deborah,Wilson,(07700) 900 525,ZZ 18 94 84 T,39166656
00085588,Jemma,Hartley,07700900595,ZZ 36 61 82 T,25705144
00087293,Andrea,Allen,07700 900403,ZZ 827383 T,112877082
00083525,Jane,Ali,07700 900 056,ZZ634032T,34733929
00099138,Joshua,Foster,07700 900 127,ZZ 195625 T,78004096
00049764,Claire,Savage,07700 900 978,ZZ 38 53 19 T,94391181
00018901,Nicole,Abbott,07700 900 614,ZZ 725522 T,52507166
00094765,Marc,Francis,07700900080,ZZ 071394 T,40722526
00077118,Katherine,Reed,(07700) 900318,ZZ809694T,27775525
00097505,Suzanne,O'Neill,07700900719,ZZ 74 54 35 T,51154604
00016771,Hollie,Johnson,+44(0)7700 900246,ZZ 55 16 73 T,110648983
00092508,Jeremy,Barrett,+447700900819,ZZ 32 78 69 T,13282080
00070434,Gerard,Cook,07700900195,ZZ 498628 T,125568867
00073439,Francis,Jackson,+44(0)7700 900 476,ZZ 911803 T,15136781
00044064,Jenna,O'Brien,07700 900 121,ZZ 48 73 67 T,114839086
00033208,Shirley,Scott,+447700 900364,ZZ607197T,44949583
00086747,Holly,Armstrong,+447700 900 755,ZZ729115T,84057367
00051650,Arthur,Simpson,+447700 900 137,ZZ 882140 T,25231485
00094289,Jayne,Kennedy,+447700900574,ZZ 747141 T,127031295
00040547,Lucy,Parker,+44(0)7700 900 029,ZZ 279318 T,77635424
00056361,Allan,Barnes,(07700) 900686,ZZ 83 52 38 T,89940893
00084941,Lauren,Davies,07700 900 367,ZZ 24 61 51 T,73250036
00074072,Valerie,Chadwick,+44(0)7700 900 144,ZZ 855228 T,67642595
00068489,Diane,Bibi,+447700900983,ZZ589610T,129076944
00022296,Brian,Hicks,+447700 900304,ZZ 65 63 43 T,103466211
00088206,Karl,Rowley,+44(0)7700 900 494,ZZ 972746 T,104635038
00029735,Jane,Pritchard,+447700 900 682,ZZ 74 49 38 T,92597039
00079186,Leonard,Robertson,(07700) 900678,ZZ731495T,43718993
00024180,Neil,Webb,+447700 900 392,ZZ 80 96 73 T,69002625
00081111,Kate,Cox,+44(0)7700 900 905,ZZ 854323 T,85674435
00041623,Paula,Dunn,(07700)900852,ZZ488736T,42361150
00037005,Sam,Barker,(07700)900950,ZZ 70 91 19 T,109001065
00021656,Barry,Barry,(07700)900288,ZZ 632458 T,44415952
00055870,Kathryn,Hancock,+44(0)7700 900665,ZZ 364375 T,64449267
00052481,Catherine,Harris,+447700 900 505,ZZ002009T,101695411
00059150,Teresa,Smith,+447700900343,ZZ 313922 T,63183650
00013053,Ann,King,+44(0)7700900335,ZZ 556029 T,75100074
00097206,Abigail,Cooper,07700900998,ZZ 487858 T,77410092
00015055,Maria,Howard,07700 900474,ZZ811749T,68654469
00027806,Annette,Cook,(07700) 900 620,ZZ 46 93 68 T,20739937
00090614,Hannah,Hobbs,07700 900914,ZZ 02 89 32 T,77814449
00016734,Nicole,Smith,07700900081,ZZ 297078 T,48471918
00080774,Denis,Turner,+44(0)7700 900671,ZZ331917T,43841297
00041500,Christine,Smith,+44(0)7700 900040,ZZ 64 75 34 T,71372110
00063601,Simon,Fox,(07700)900371,ZZ584641T,48734765
00058078,Stewart,Brooks,+447700 900 257,ZZ936333T,86994004
00079683,Neil,Stevens,+44(0)7700 900 248,ZZ 57 94 99 T,64488150
00075305,Francesca,Parker,(07700) 900880,ZZ133246T,109486253
00078651,Diane,Ward,+447700 900719,ZZ 79 93 38 T,58925849
00042695,Tracey,Butcher,07700 900 267,ZZ672484T,67825419
00053111,Nigel,Cooper,+447700900533,ZZ 452993 T,53135197
00068277,Derek,Warren,07700900117,ZZ 117254 T,42243317
00028653,Jake,Clarke,+447700900420,ZZ948810T,47528765
00021643,Danielle,Gallagher,+447700900218,ZZ 73 46 19 T,68652092
00054653,Victor,Thompson,(07700) 900 282,ZZ704667T,96646902
00031936,Oliver,Jackson,+447700900910,ZZ066649T,76761881
00054578,Beverley,Morris,+447700 900416,ZZ 248467 T,16788303
00099425,Shirley,Thomas,+44(0)7700 900590,ZZ 165155 T,76740187
00046378,Kirsty,Garner,07700 900059,ZZ553924T,20739474
00034265,Shannon,Duffy,+44(0)7700 900 206,ZZ 62 06 34 T,60832823
00058244,Daniel,Watkins,07700 900562,ZZ361616T,101822284
00078968,Alexandra,Thompson,+447700 900 537,ZZ589442T,39881339
00042878,Darren,Martin,(07700) 900407,ZZ 911294 T,15352594
00027363,Joshua,Young,+447700 900961,ZZ 98 46 22 T,18221101
00051437,Neil,Wilson,07700 900532,ZZ 706692 T,122027275
00013575,Charlie,French,+447700 900494,ZZ 45 85 50 T,122999141
00068274,Gary,Bishop,+447700 900434,ZZ 11 24 80 T,34206003
00072237,John,Cooper,(07700)900944,ZZ146788T,68567297
00096142,Joanne,Wright,(07700)900445,ZZ499131T,124272772
00072364,Jane,Miller,+447700 900 829,ZZ 942330 T,96445381
00010179,Janice,Lowe,(07700) 900306,ZZ 90 19 21 T,52841880
00038658,Andrea,Bentley,(07700)900966,ZZ 94 33 77 T,39938745
00082000,Joel,Flynn,(07700) 900 776,ZZ 124614 T,89845150
00038418,Simon,Moore,(07700)900566,ZZ 70 07 14 T,46751834
00078485,Amy,Morris,(07700) 900750,ZZ 877049 T,114758293
00066972,Rachael,Harding,07700 900 166,ZZ 04 12 22 T,65588651
00087787,Ruth,Smith,(07700) 900191,ZZ240296T,53518303
00033791,Christine,Brown,+447700 900877,ZZ 666404 T,101580461
00091817,Samantha,Kelly,+447700 900 964,ZZ120874T,52240999
00093541,Shaun,Patel,+447700900121,ZZ008513T,28866653
00066525,Jamie,Brown,(07700)900237,ZZ913183T,61705027
00075901,Jade,Austin,(07700) 900 649,ZZ 57 61 21 T,20805188
00020384,Charlie,Howell,07700 900296,ZZ 110078 T,74867402
00072319,Benjamin,Hale,(07700) 900275,ZZ 073260 T,74303571
00050041,Liam,Johnson,(07700) 900765,ZZ916852T,42215921
00029659,Harry,Watson,+44(0)7700 900732,ZZ 14 72 93 T,97861728
00062268,Kimberley,Day,+44(0)7700900221,ZZ 815666 T,112357230
00021162,Sian,Smart,+447700900168,ZZ752085T,64454139
00017581,Richard,Murphy,07700 900 161,ZZ 054322 T,18686898
00084128,Douglas,Barton,07700 900210,ZZ880921T,43648322
00074274,Lorraine,Stevenson,+44(0)7700 900625,ZZ 375932 T,60071736
00044537,Joe,Baker,+447700 900 716,ZZ 19 82 59 T,40927075
00073924,Craig,Marshall,(07700) 900122,ZZ823250T,102652547
00091338,Steven,Townsend,+44(0)7700 900895,ZZ 889964 T,18696972
00072496,Clare,Faulkner,07700 900 213,ZZ 93 73 09 T,90201039
00013958,Judith,Connor,(07700) 900942,ZZ451683T,112791171
00077846,Jeremy,Smith,+447700 900267,ZZ 86 53 48 T,30085228
00065095,Tracey,Myers,+44(0)7700 900406,ZZ 04 01 82 T,47366082
00066991,Kate,Knight,+44(0)7700 900645,ZZ 542819 T,99165464
00057551,Hilary,Jones,(07700)900745,ZZ 259174 T,113418149
00016014,Damien,Patel,+447700 900 972,ZZ 34 03 70 T,18735493
00028052,Scott,James,07700 900098,ZZ 48 32 07 T,23695764
00023046,Glen,Taylor,07700 900538,ZZ 593867 T,77326063
00019573,Antony,Wright,(07700) 900 514,ZZ659083T,94277438
00098488,Derek,Whitehead,(07700) 900 374,ZZ157985T,104472408
00071115,Amanda,Morgan,+44(0)7700900957,ZZ868644T,114291051
00051572,Georgia,Evans,+447700 900327,ZZ416294T,118159717
00025455,Bethan,Harding,+447700900652,ZZ 00 05 58 T,113827785
00087582,Joanna,Morrison,+447700 900496,ZZ 821646 T,22293484
00028451,Craig,Phillips,+44(0)7700 900 485,ZZ 842482 T,125592710
00040805,Rachel,Lewis,07700 900866,ZZ 609390 T,64579085
00086906,Alan,Clarke,(07700) 900 564,ZZ 373050 T,113695218
00033740,Margaret,Shaw,(07700)900856,ZZ 99 42 93 T,123588991
00068225,Glenn,Harris,+447700 900301,ZZ 98 30 42 T,30697933
00093158,Adrian,Elliott,(07700) 900841,ZZ 84 38 10 T,71853244
00020967,Sarah,King,07700 900 110,ZZ936943T,93437978
00072720,Charlene,Gordon,(07700) 900289,ZZ 17 87 02 T,75060017
00077016,Clifford,Robinson,07700900296,ZZ 076409 T,102028184
00080061,Chelsea,White,07700 900 112,ZZ 59 85 90 T,77032784
00022143,Justin,Faulkner,(07700) 900489,ZZ 18 32 54 T,89740776
00016610,Joanne,Turner,+447700 900269,ZZ100555T,13973991
00057657,Maria,Phillips,+44(0)7700 900075,ZZ 09 36 04 T,44674324
00025264,Frank,Miah,+447700900140,ZZ 74 53 69 T,43115596
00076790,Emma,Stephenson,+44(0)7700 900083,ZZ915891T,116593980
00042766,Howard,Bryant,+44(0)7700900474,ZZ 68 62 39 T,16172595
00027731,Sarah,Davies,+44(0)7700 900746,ZZ 883415 T,25723760
00077950,Marc,Cooper,07700 900560,ZZ 851741 T,60196064
00083223,Wayne,Hughes,07700900799,ZZ 315645 T,58700585
00038857,Simon,Wright,07700900243,ZZ 31 52 46 T,110112503
00062349,Kimberley,Marsh,07700 900540,ZZ 69 30 91 T,50155248
00071402,Emily,Baker,+447700 900764,ZZ 80 17 58 T,64868644
00068550,Gordon,Roberts,+447700 900713,ZZ 234520 T,59068653
00030017,Robert,Hussain,+447700900127,ZZ 395597 T,34959208
00016568,Kyle,Miller,(07700)900482,ZZ347115T,118691990
00058832,Gail,Gibbs,+447700900491,ZZ 971840 T,84438960
00085662,Iain,Jones,07700900831,ZZ209285T,83070552
00034181,Henry,Fox,07700 900638,ZZ764422T,71839006
00072411,Max,Clarke,(07700) 900087,ZZ 664319 T,103470223
00041718,Lisa,Lowe,(07700) 900733,ZZ 82 05 34 T,26065155
00054585,Gerald,Edwards,+44(0)7700 900 151,ZZ916996T,95794295
00026253,Catherine,Freeman,+447700 900634,ZZ 185396 T,48764052
00044516,Annette,Scott,(07700) 900 818,ZZ 26 19 86 T,82020639
00028148,Jenna,Hopkins,+44(0)7700 900131,ZZ 26 09 92 T,117727438
00074660,Ross,John,(07700) 900 608,ZZ122429T,68348746
00039028,Cheryl,Johnson,+447700900615,ZZ895912T,33913520
00031991,Max,Hooper,(07700)900502,ZZ 20 69 72 T,103073536
00083636,Diana,Burton,(07700) 900 282,ZZ 455659 T,54896561
00094927,Daniel,Walsh,+44(0)7700900423,ZZ 29 49 54 T,64304807
00044551,Alan,Robertson,07700 900384,ZZ671687T,31950417
00051789,Keith,Williams,07700 900 743,ZZ714962T,86965321
00018042,Mohamed,Woodward,+44(0)7700 900717,ZZ 29 20 18 T,64240026
00098718,Melanie,Holden,(07700) 900001,ZZ 72 23 72 T,61752656
00080418,Megan,Hale,07700 900 317,ZZ 92 93 44 T,15832027
00082110,Samantha,Wright,+447700900568,ZZ205792T,13871828
00033998,Roy,Shaw,+44(0)7700900111,ZZ 089291 T,14151259
00048317,Mohammad,Graham,+447700 900 911,ZZ 726243 T,72065264
00072841,Nicola,James,(07700) 900 596,ZZ 94 49 45 T,36490451
00021487,Gail,Evans,07700 900568,ZZ727352T,108874060
00092659,Tina,Power,(07700) 900132,ZZ 029071 T,115135213
00094189,June,Lambert,07700 900 852,ZZ 26 74 24 T,26076364
00033920,Abigail,Moore,+447700 900 424,ZZ 525261 T,44092427
00094734,Russell,Davis,07700900965,ZZ 30 03 64 T,112492658
00062640,Caroline,Horton,+447700900563,ZZ 53 43 57 T,105996048
00018629,Zoe,Price,+447700 900 487,ZZ491054T,126837335
00076795,Gordon,Johnson,+447700 900 381,ZZ 86 85 85 T,107573294
00043075,Christopher,Doherty,(07700) 900411,ZZ 563722 T,68141273
00097650,Laura,Cooper,(07700)900051,ZZ049274T,123420062
00043049,Chelsea,Taylor,+44(0)7700900820,ZZ 309954 T,111833904
00081833,Sam,Rhodes,(07700)900190,ZZ836789T,37196686
00018801,Josh,Barry,(07700) 900142,ZZ 786909 T,47323465
00014131,Dale,Smith,+44(0)7700 900960,ZZ 59 67 29 T,42707439
00060145,Kyle,Gibson,07700 900 331,ZZ 62 87 29 T,123452027
00053623,Georgia,Stevenson,(07700) 900 289,ZZ 638795 T,70944811
00034717,Alexander,Hughes,07700 900 333,ZZ293049T,41516799
00082314,Carl,Lloyd,07700 900877,ZZ 256213 T,96256075
00099346,Frederick,Jenkins,+44(0)7700 900959,ZZ289393T,103544586
00098235,Dorothy,Johnson,(07700) 900 003,ZZ 06 21 98 T,81225972
00041475,Sandra,Osborne,07700900124,ZZ 39 34 06 T,100631751
00081002,Tracey,Wheeler,+447700900976,ZZ 404472 T,20137209
00015810,Victor,Bishop,07700900269,ZZ531165T,81087851
00016272,Lynn,Wyatt,+44(0)7700900367,ZZ883436T,112822079
00058399,Wendy,Hall,07700 900277,ZZ 213147 T,60664761
00073380,Robert,Taylor,07700 900545,ZZ 474018 T,85163441
00013281,Trevor,Randall,+44(0)7700900517,ZZ056639T,111573840
00053317,Leon,Phillips,07700900545,ZZ 900900 T,116930242
00041721,Albert,Russell,+447700 900738,ZZ 813272 T,127103660
00020475,Sally,Brown,+44(0)7700 900802,ZZ 042058 T,53989518
00084978,Kerry,Bird,+447700 900 093,ZZ807923T,11296997
00052834,Samantha,Davies,+44(0)7700 900064,ZZ 532371 T,56190566
00031277,Billy,Rose,+447700 900932,ZZ 47 12 18 T,13240488
00090199,Carly,Baker,+447700 900 869,ZZ 67 17 46 T,94697403
00010951,Mark,Bell,+44(0)7700 900 354,ZZ 21 87 59 T,112606457
00049283,Mathew,Hall,07700 900 984,ZZ 421918 T,122961991
00045250,Sharon,Gilbert,07700 900929,ZZ844414T,91010261
00088936,Marian,Sutton,+447700 900 926,ZZ 138979 T,28304487
00021781,Laura,Fox,+44(0)7700 900 649,ZZ 754638 T,33763893
00048320,Hugh,Bell,+44(0)7700900839,ZZ 14 17 90 T,27479821
00020452,Laura,Rhodes,07700900785,ZZ526463T,127886110
00012452,Judith,Warren,+44(0)7700 900 358,ZZ610472T,104329962
00032505,Louise,Lawrence,+44(0)7700 900352,ZZ140801T,33220307
00024145,Kim,Edwards,+44(0)7700 900327,ZZ 88 00 74 T,21817227
00044573,Phillip,Foster,+44(0)7700900992,ZZ 942340 T,34824731
00064896,Natalie,Mitchell,+44(0)7700 900975,ZZ 94 85 29 T,113944927
00089661,Barbara,Gray,+44(0)7700 900 063,ZZ508218T,82154534
00094612,Gail,Lewis,07700 900473,ZZ 81 22 57 T,82643061
00015888,Gareth,Daly,07700 900850,ZZ550659T,105834689
00085549,Timothy,Poole,+447700 900 258,ZZ423170T,128149296
00063032,Jodie,Mann,+447700 900 009,ZZ 363695 T,12139956
00014167,John,Hope,07700 900 318,ZZ 336899 T,112416650
00023690,Lindsey,Dawson,07700 900 234,ZZ 33 29 09 T,104184356
00058642,Yvonne,Thompson,07700 900863,ZZ 81 09 85 T,69412082
00020798,Antony,North,07700900736,ZZ 801655 T,73293734
00058676,Clifford,Harding,+447700 900 271,ZZ 749318 T,38942062
00039158,Samuel,Bibi,+447700900746,ZZ 04 27 86 T,110372657
00066711,Francis,Rogers,+44(0)7700 900 491,ZZ 333604 T,97443201
00063699,Jake,Taylor,+44(0)7700900874,ZZ 162507 T,30691528
00054210,Kyle,Johnson,07700 900945,ZZ 512583 T,121826642
00034371,Tom,Williams,07700 900453,ZZ 383855 T,29853982
00092663,Hollie,Talbot,+447700 900 532,ZZ 40 48 35 T,62851954
00054784,Matthew,Parsons,+44(0)7700 900690,ZZ 03 10 76 T,75825207
00013538,Michael,Williams,07700 900 947,ZZ530358T,80112442
00031744,Hugh,Smith,+447700 900 394,ZZ 322305 T,74271137
00015197,Hazel,Gibbons,07700 900243,ZZ195739T,125071985
00083625,Dorothy,Phillips,07700 900 865,ZZ490400T,21216080
00064927,Kieran,Jones,+447700 900 572,ZZ 496157 T,23002072
00097998,Lindsey,O'Sullivan,+44(0)7700900280,ZZ 936099 T,104771769
00011821,Joanne,Faulkner,07700 900 768,ZZ 63 12 60 T,76211137
00071422,Carol,Stevens,07700 900 955,ZZ 89 96 65 T,32758540
00071716,Damien,Lewis,(07700) 900 980,ZZ 099525 T,82994710
00047003,Lynda,Hargreaves,(07700)900293,ZZ 782808 T,10343388
00022761,Gary,Garner,07700 900 350,ZZ 502391 T,66142229
00052050,Sandra,Allen,(07700) 900109,ZZ 02 32 03 T,109598536
00053356,Lindsey,Hamilton,07700 900811,ZZ993260T,83174843
00089806,Melanie,Williams,+44(0)7700 900 620,ZZ 32 16 60 T,29018222
00090896,Shaun,Finch,+447700 900 489,ZZ079854T,82280929
00036605,Matthew,Walker,(07700)900035,ZZ543197T,51481063
00072560,Dale,O'Connor,+44(0)7700900624,ZZ 427503 T,126977198
00074553,Leonard,Dobson,+44(0)7700 900577,ZZ 19 51 49 T,43561182
00028251,Sean,Moore,+447700900893,ZZ 48 21 11 T,43476426
00027908,Michael,Ellis,(07700)900664,ZZ123099T,54684090
00086764,Sara,Davies,+447700 900443,ZZ 75 02 00 T,124666809
00075101,Brandon,Barker,07700 900199,ZZ 54 97 99 T,39563262
00012072,Hugh,Allen,(07700) 900535,ZZ 398560 T,40983608
00022296,Elliot,Shaw,(07700) 900124,ZZ 68 25 87 T,12767302
00049323,Marcus,Baxter,(07700)900925,ZZ730736T,42107657
00082832,Jayne,Tucker,+447700900126,ZZ173275T,16797310
00068214,Caroline,Richards,07700900859,ZZ009537T,59550666
00080456,Danielle,Wood,07700 900 080,ZZ 56 97 50 T,30653003
00042639,Lynne,Brown,(07700) 900097,ZZ 735353 T,76296165
00085404,Carly,Hawkins,+44(0)7700900120,ZZ605045T,15276612
00031711,Amber,Parkinson,+44(0)7700 900487,ZZ723507T,23231995
00067408,Trevor,Fox,+447700900926,ZZ 097076 T,12791491
00047710,Gary,Edwards,(07700)900585,ZZ 708577 T,113803372
00034608,Arthur,Evans,+447700900799,ZZ272152T,11995722
00084674,Jason,Hall,+447700 900 399,ZZ 417346 T,126878446
00055625,Julia,Randall,07700 900 908,ZZ 40 53 33 T,89974254
00056865,Kim,Tyler,+447700900371,ZZ 72 07 09 T,115128149
00038299,Phillip,Byrne,+44(0)7700900698,ZZ359031T,95356507
00042828,Iain,Moore,+44(0)7700900454,ZZ 821710 T,129354297
00024756,Clifford,Warren,07700 900985,ZZ259035T,112781301
00022177,Kate,Cross,(07700) 900612,ZZ 835094 T,70201363
00053513,Harriet,Taylor,07700 900 302,ZZ146318T,85474460
00062554,Wayne,Barrett,07700 900776,ZZ 622180 T,55490733
00091897,Arthur,Thompson,+44(0)7700 900705,ZZ865468T,71500131
00057662,Kerry,Reynolds,07700 900062,ZZ 83 39 30 T,63365957
00095937,Eleanor,Nicholson,(07700)900067,ZZ 31 39 40 T,91181572
00082122,Gary,Ball,+44(0)7700900484,ZZ 53 22 04 T,125224428
00072292,Leonard,Harris,07700900388,ZZ 57 06 95 T,74050183
00022365,Judith,Hewitt,07700 900926,ZZ880117T,86243467
00069614,Iain,Davies,(07700)900104,ZZ 08 32 57 T,62627104
00020500,Kate,Mistry,07700900828,ZZ441902T,16564666
00034791,Bruce,Atkinson,+44(0)7700 900 266,ZZ024423T,43827305
00060450,Dawn,Chadwick,07700 900422,ZZ 77 76 52 T,40821582
00026133,Graham,Robson,+44(0)7700 900193,ZZ588902T,122724028
00093166,Keith,Townsend,+447700900947,ZZ 20 30 74 T,83260139
00070071,Hilary,Chapman,(07700)900978,ZZ 965995 T,73149008
00077720,Annette,Walker,(07700) 900 562,ZZ510064T,91525002
00071043,Mohammed,Jenkins,(07700) 900 523,ZZ 04 51 09 T,22957607
00024930,Craig,Gray,(07700)900176,ZZ415904T,61848298
00065843,Victor,Harper,07700 900043,ZZ 85 01 80 T,56324154
00077692,Claire,Sanders,(07700) 900 756,ZZ 97 68 54 T,55385246
00088987,Andrea,Roberts,+447700 900 421,ZZ 96 60 03 T,74544369
00012977,Kerry,Smith,+44(0)7700900645,ZZ917222T,108462566
00070184,Nicole,Johnston,07700900089,ZZ030904T,103973610
00083795,Hayley,Taylor,07700900653,ZZ 333548 T,63167391
00027077,Marian,Walker,+447700 900 835,ZZ 263128 T,87736012
00017099,Henry,Russell,07700 900 429,ZZ657535T,86996497
00014853,Justin,Noble,+447700 900612,ZZ044938T,63686173
00060947,Allan,Hammond,+447700900869,ZZ 648472 T,72521708
00048979,Robin,Morris,(07700) 900743,ZZ 851919 T,14900523
00058433,Stacey,Barnett,+447700 900776,ZZ783809T,28276780
00091707,Jayne,Harrison,(07700)900596,ZZ793814T,62820464
00069414,Oliver,Holmes,07700 900 536,ZZ 09 94 67 T,88029663
